start,path,comment
00:00,blender/158737__jackofall29__blender-ice-crush.wav,y
00:10,blender/158737__jackofall29__blender-ice-crush.wav,y
00:15,blender/158737__jackofall29__blender-ice-crush.wav,y
00:00,blender/173319__jaxlynnstaranimate__juicer-shredding-and-shutting-down.wav,y
00:10,blender/173319__jaxlynnstaranimate__juicer-shredding-and-shutting-down.wav,y
00:20,blender/173319__jaxlynnstaranimate__juicer-shredding-and-shutting-down.wav,y
00:27,blender/173319__jaxlynnstaranimate__juicer-shredding-and-shutting-down.wav,y
00:00,blender/181625__ancorapazzo__hand-blender.wav,y
00:10,blender/181625__ancorapazzo__hand-blender.wav,y
00:20,blender/181625__ancorapazzo__hand-blender.wav,y
01:30,blender/181625__ancorapazzo__hand-blender.wav,y
00:00,blender/202718__progrez__blending.wav,y
00:05,blender/202718__progrez__blending.wav,y
00:15,blender/202718__progrez__blending.wav,y
00:20,blender/202718__progrez__blending.wav,y
00:00,blender/220806__ross-stack__kitchen-phillips-blender.wav,y
00:10,blender/220806__ross-stack__kitchen-phillips-blender.wav,y
00:00,blender/234883__leosalom__blender-mixer-smoothie.wav,m
00:15,blender/234883__leosalom__blender-mixer-smoothie.wav,y
02:47,blender/275954__leon-den-engelsen__kitchen-sounds.wav,y
04:02,blender/275954__leon-den-engelsen__kitchen-sounds.wav,y
04:17,blender/275954__leon-den-engelsen__kitchen-sounds.wav,y
00:00,blender/31632__unclesigmund__handblender1.wav,y
00:00,blender/31633__unclesigmund__handblender2.wav,y
00:01,blender/334515__sruelas__mixer.wav,m
00:00,blender/340830__barraacka__kitchenequipment-blender-stereo-16bit.wav,y
00:00,blender/346170__vsokorelos__blender.wav,y
00:00,blender/366512__fritzsounds__blending-fruit-2-mashine-on-off.wav,y
00:05,blender/366512__fritzsounds__blending-fruit-2-mashine-on-off.wav,y
00:10,blender/366512__fritzsounds__blending-fruit-2-mashine-on-off.wav,m
00:00,blender/387708__jagadamba__food-blender-3.wav,y
00:05,blender/387708__jagadamba__food-blender-3.wav,y
00:00,blender/393768__nektaria909__multi.wav,nop
00:01,blender/440675__fygar1203__food-processor.wav,y
00:07,blender/440675__fygar1203__food-processor.wav,y
00:11,blender/440675__fygar1203__food-processor.wav,y
00:00,blender/98053__tomlija__juicer.wav,y
00:05,blender/98053__tomlija__juicer.wav,y
00:00,blender/M-Mixer.wav,y
00:10,blender/M-Mixer.wav,y
00:54,blender/M-Mixer.wav,y
00:45,blender/M-Mixer.wav,s
00:02,blender/M-mixer2.wav,y
00:08,blender/M-mixer2.wav,y
00:15,blender/M-mixer2.wav,y
00:33,blender/M-mixer2.wav,s
00:40,blender/M-mixer2.wav,s
00:30,boiling-water/116219__pixfix__boiling-a-kettle-of-water-110218-02-sf.wav,n
00:42,boiling-water/116219__pixfix__boiling-a-kettle-of-water-110218-02-sf.wav,y
00:50,boiling-water/116219__pixfix__boiling-a-kettle-of-water-110218-02-sf.wav,y
00:04,boiling-water/135866__martats__boiling.wav,y
00:00,boiling-water/181614__ancorapazzo__boiling-water.wav,y
00:20,boiling-water/181614__ancorapazzo__boiling-water.wav,y
00:57,boiling-water/181614__ancorapazzo__boiling-water.wav,y
01:38,boiling-water/181614__ancorapazzo__boiling-water.wav,y
06:50,boiling-water/185617__yourfriendjesse__water-boiling-gas-burning.wav,y
00:00,boiling-water/19842__jace__boiling-bubbles-2.wav,y
00:08,boiling-water/19842__jace__boiling-bubbles-2.wav,y
00:05,boiling-water/209611__nebyoolae__teakettle-boiling.wav,y
00:10,boiling-water/209611__nebyoolae__teakettle-boiling.wav,y
01:33,boiling-water/212179__owlstorm__kettle-boil.wav,y
01:38,boiling-water/212179__owlstorm__kettle-boil.wav,y
02:53,boiling-water/217208__soundeffects4you__001-electric-kettle-boiling-water.wav,y
02:13,boiling-water/251398__thoribass__electrickettle-freesound.wav,y
04:06,boiling-water/258355__hanuman81__water-boiler.wav,y
04:11,boiling-water/258355__hanuman81__water-boiler.wav,y
00:11,boiling-water/261377__kokopetiyot__boiling.wav,y
00:16,boiling-water/341961__mediaman57__kitchen-sounds-06.wav,n
00:29,boiling-water/341961__mediaman57__kitchen-sounds-06.wav,n
00:00,boiling-water/353631__kevzog__boiling-water.wav,y
00:30,boiling-water/353631__kevzog__boiling-water.wav,y
01:00,boiling-water/353631__kevzog__boiling-water.wav,s
00:10,boiling-water/370217__euphrosyyn__sfx-boilingwater-loop.wav,y
03:00,boiling-water/376604__fthgurdy__filling-kettle-and-boiling-water.wav,y
02:55,boiling-water/376604__fthgurdy__filling-kettle-and-boiling-water.wav,y
00:15,boiling-water/389493__juanlopz08__06-boiling-water-present.wav,y
00:25,boiling-water/389493__juanlopz08__06-boiling-water-present.wav,y
00:15,boiling-water/398684__dominik-w__water-boiler.wav,y
00:20,boiling-water/398684__dominik-w__water-boiler.wav,y
00:30,boiling-water/398684__dominik-w__water-boiler.wav,y
00:00,boiling-water/412843__inspectorj__boiling-water-large-a.wav,y
00:10,boiling-water/412843__inspectorj__boiling-water-large-a.wav,y
00:20,boiling-water/412843__inspectorj__boiling-water-large-a.wav,y
00:30,boiling-water/412843__inspectorj__boiling-water-large-a.wav,s
00:03,boiling-water/433538__cupido-1__boiling-water.wav,y
00:18,boiling-water/433538__cupido-1__boiling-water.wav,y
00:10,boiling-water/50767__rutgermuller__waterboiler-starts-to-boil.wav,y
00:37,boiling-water/50767__rutgermuller__waterboiler-starts-to-boil.wav,y
00:45,boiling-water/50767__rutgermuller__waterboiler-starts-to-boil.wav,y
00:55,boiling-water/50767__rutgermuller__waterboiler-starts-to-boil.wav,s
00:00,boiling-water/68741__mikaelfernstrom__waterboiling.wav,y
02:12,boiling-water/69597__geissler__cooking.wav,y
03:33,boiling-water/71028__lg__boiling-water-090413.wav,y
00:00,book/120782__manicciola__book-pages-01.wav,y
00:00,book/146780__hollowriku__page-turn.wav,y
00:10,book/146780__hollowriku__page-turn.wav,y
00:07,book/158765__robinhood76__03364-looking-in-the-book-big.wav,y
00:10,book/162355__donjmyers__book-light-noise.wav,y
00:00,book/164806__exterminat__page-turns-and-book-close-open.wav,y
00:07,book/164806__exterminat__page-turns-and-book-close-open.wav,y
00:15,book/164806__exterminat__page-turns-and-book-close-open.wav,y
00:00,book/172304__tomoyo-ichijouji__bookpageshuffle.wav,y
00:05,book/185632__sergsil__leaf-thorugh-a-book.wav,y
00:12,book/185632__sergsil__leaf-thorugh-a-book.wav,s
00:11,book/190652__robinhood76__04496-searching-in-old-book-looping.wav,y
00:00,book/201264__chrisbrowne626__book-opening-sound-bit.wav,not a book
00:00,book/202097__spookymodem__flipping-through-book.wav,y
00:01,book/203005__augdog__book-peel.wav,y
00:07,book/203005__augdog__book-peel.wav,y
00:00,book/204046__duckduckpony__paper-parchment-rustling.wav,y
00:10,book/204046__duckduckpony__paper-parchment-rustling.wav,y
00:20,book/204046__duckduckpony__paper-parchment-rustling.wav,y
00:34,book/204046__duckduckpony__paper-parchment-rustling.wav,y
00:15,book/231460__roivasugo__messing-around-with-a-book.wav,y
00:36,book/231460__roivasugo__messing-around-with-a-book.wav,y
00:04,book/232798__mariiao2__book.wav,y
00:00,book/267503__purplewalrus23__turning-pages1.wav,y
00:00,book/268837__rainkiljoy__paging-through-a-book.wav,y
00:05,book/268837__rainkiljoy__paging-through-a-book.wav,s
00:05,book/318615__jephwallace__turning-pages-book-slow-quickly.wav,y
00:15,book/318615__jephwallace__turning-pages-book-slow-quickly.wav,s
00:00,book/324771__daria-komova__book-pages.wav,y
00:15,book/324771__daria-komova__book-pages.wav,s
00:22,book/324771__daria-komova__book-pages.wav,s
00:04,book/326468__miekyj__paging-throug-book-owi.wav,y
00:00,book/331977__dmunk__slowly-flipping-pages.wav,y
00:05,book/331977__dmunk__slowly-flipping-pages.wav,y
00:00,book/347363__fennelliott__book-sounds.wav,y
00:18,book/347961__nkzdra__book-page.wav,y
00:04,book/366454__genevieve-lupke__book-pages-variation-01.wav,y
00:09,book/381637__tumbleweed3288__quickly-turning-the-pages-of-a-book.wav,y
00:00,book/390615__trngle__turning-book-pages.wav,y
00:00,book/390874__nickyg11p__paperflickered02.wav,y
00:00,book/407403__florianreichelt__to-turn-the-paper-turning-the-newspaper-short-version.wav,could move a second later
00:00,book/425467__vartian__turning-pages.wav,y
00:10,book/425467__vartian__turning-pages.wav,y
00:20,book/425467__vartian__turning-pages.wav,y
00:00,book/451651__toddcircle__phone-book-fast-filpping.wav,y
00:00,book/67229__thelilja__looking-in-book.wav,y
00:23,book/67229__thelilja__looking-in-book.wav,y
00:02,book/83626__senorsolo007__book.wav,y
00:20,book/83626__senorsolo007__book.wav,y
00:00,book/91479__skynproduction__book.wav,y
00:00,book/98339__cgeffex__turning-book-pages.wav,y
00:15,book/98339__cgeffex__turning-book-pages.wav,y
00:15,chopping/149276__al-barbosa__vegetarian-restaurant-kitchen.wav,y
00:02,chopping/167508__ultradust__dicing-vegetables.wav,y
00:09,chopping/167508__ultradust__dicing-vegetables.wav,y
00:15,chopping/167508__ultradust__dicing-vegetables.wav,y
00:25,chopping/181612__ancorapazzo__chopping-vegetables.wav,y
00:35,chopping/181612__ancorapazzo__chopping-vegetables.wav,y
00:40,chopping/181612__ancorapazzo__chopping-vegetables.wav,y
00:02,chopping/256287__ninafoletti__knife.wav,y
00:07,chopping/256287__ninafoletti__knife.wav,y
00:10,chopping/327592__janevdmerwe1995__chopping-veggies.wav,y
00:20,chopping/327592__janevdmerwe1995__chopping-veggies.wav,y
00:55,chopping/335634__pureaudioninja__green-bean.wav,y
00:06,chopping/335882__hannahstootall__kitchen-meal.wav,y
01:04,chopping/345711__psykophobia__kitchen-sounds-clattering-and-soup-in-the-microwave.wav,y
00:08,chopping/360649__postworkflow__choppingonion-erhart.wav,y
00:00,chopping/360786__dutchlady__prei-snijden-hakken.wav,y
00:00,chopping/360791__dutchlady__snijden-aubergine.wav,y
00:05,chopping/360791__dutchlady__snijden-aubergine.wav,y
00:00,chopping/369231__laspaziale__chopping-parsley.wav,y
00:10,chopping/369231__laspaziale__chopping-parsley.wav,y
00:20,chopping/369231__laspaziale__chopping-parsley.wav,s
00:30,chopping/369231__laspaziale__chopping-parsley.wav,y
00:00,chopping/369232__laspaziale__chopping-an-apple-with-an-apple-corer.wav,y
00:00,chopping/369234__laspaziale__chopping-pieces-of-mushrooms-vigorously.wav,y
00:11,chopping/369234__laspaziale__chopping-pieces-of-mushrooms-vigorously.wav,y
00:18,chopping/369234__laspaziale__chopping-pieces-of-mushrooms-vigorously.wav,y
00:22,chopping/369234__laspaziale__chopping-pieces-of-mushrooms-vigorously.wav,s
00:00,chopping/369235__laspaziale__chopping-mushrooms.wav,y
00:05,chopping/369235__laspaziale__chopping-mushrooms.wav,y
00:20,chopping/369235__laspaziale__chopping-mushrooms.wav,y
00:40,chopping/369235__laspaziale__chopping-mushrooms.wav,y
00:00,chopping/369236__laspaziale__chopping-mushrooms-vigorously.wav,y
00:11,chopping/369236__laspaziale__chopping-mushrooms-vigorously.wav,y
00:21,chopping/369236__laspaziale__chopping-mushrooms-vigorously.wav,s
00:27,chopping/369236__laspaziale__chopping-mushrooms-vigorously.wav,s
00:00,chopping/393788__obiedaz__chopping-onion.wav,y
00:02,chopping/426863__katfolker__cooking-prep.wav,y
00:14,chopping/426863__katfolker__cooking-prep.wav,y
00:00,chopping/461467__15hliskova-aneta__01-chopping.wav,y
00:08,chopping/60117__benboncan__chopping-and-frying-an-onion.wav,y
00:14,chopping/60117__benboncan__chopping-and-frying-an-onion.wav,y
00:22,chopping/60117__benboncan__chopping-and-frying-an-onion.wav,y
00:17,chopping/67431__brightmedusa__1019-chopping-kale.wav,y
00:40,chopping/67431__brightmedusa__1019-chopping-kale.wav,y
01:00,chopping/67431__brightmedusa__1019-chopping-kale.wav,y
00:03,clean-dishes/149276__al-barbosa__vegetarian-restaurant-kitchen.wav,y
00:31,clean-dishes/193398__qubodup__doingthedishes.flac,y
00:40,clean-dishes/193398__qubodup__doingthedishes.flac,y
00:50,clean-dishes/193398__qubodup__doingthedishes.flac,y
00:06,clean-dishes/198956__patentman__water-in-sink-cleaning-dishes.mp3,y
00:15,clean-dishes/198956__patentman__water-in-sink-cleaning-dishes.mp3,y
00:25,clean-dishes/198956__patentman__water-in-sink-cleaning-dishes.mp3,s
00:34,clean-dishes/198956__patentman__water-in-sink-cleaning-dishes.mp3,y
00:20,clean-dishes/219218__qubodup__doing-dishes-in-the-kitchen.ogg,washing machine like
00:30,clean-dishes/219218__qubodup__doing-dishes-in-the-kitchen.ogg,y
01:25,clean-dishes/219218__qubodup__doing-dishes-in-the-kitchen.ogg,y
01:50,clean-dishes/219218__qubodup__doing-dishes-in-the-kitchen.ogg,y
03:25,clean-dishes/219218__qubodup__doing-dishes-in-the-kitchen.ogg,y
00:01,clean-dishes/238396__amorralteixe__dishwashing-1.wav,y
00:07,clean-dishes/238396__amorralteixe__dishwashing-1.wav,y
00:11,clean-dishes/238396__amorralteixe__dishwashing-1.wav,y
00:10,clean-dishes/402166__mickael-leroi__wash-the-dishes.wav,y
00:05,clean-dishes/424680__joanap-130315021__wash-the-dishes.m4a,y
00:15,clean-dishes/424680__joanap-130315021__wash-the-dishes.m4a,y
00:35,clean-dishes/424680__joanap-130315021__wash-the-dishes.m4a,y
00:42,clean-dishes/424680__joanap-130315021__wash-the-dishes.m4a,m
00:47,clean-dishes/424680__joanap-130315021__wash-the-dishes.m4a,y
00:15,clean-dishes/433994__snake16547__kitchen-cleaning-espresso-machine-cleaning.wav,y
00:25,clean-dishes/433994__snake16547__kitchen-cleaning-espresso-machine-cleaning.wav,y
02:23,clean-dishes/433994__snake16547__kitchen-cleaning-espresso-machine-cleaning.wav,y
00:20,clean-dishes/50703__rutgermuller__dishes-and-some-water.wav,y
00:30,clean-dishes/50703__rutgermuller__dishes-and-some-water.wav,y
00:15,clean-dishes/58242__sinatra314__dishwashing-sounds-loop.wav,y
00:25,clean-dishes/58242__sinatra314__dishwashing-sounds-loop.wav,y
00:57,clean-dishes/58242__sinatra314__dishwashing-sounds-loop.wav,y
01:35,clean-dishes/58242__sinatra314__dishwashing-sounds-loop.wav,y
00:30,clean-dishes/65791__robinhood76__00747-manual-dish-washing-1.wav,y
01:00,clean-dishes/65791__robinhood76__00747-manual-dish-washing-1.wav,y
01:17,clean-dishes/65791__robinhood76__00747-manual-dish-washing-1.wav,y
01:28,clean-dishes/65791__robinhood76__00747-manual-dish-washing-1.wav,y
00:15,clean-dishes/85442__jasonelrod__cleaning-dishes-in-kitchen-sink.aiff,m
00:40,clean-dishes/85442__jasonelrod__cleaning-dishes-in-kitchen-sink.aiff,y
01:03,clean-dishes/85442__jasonelrod__cleaning-dishes-in-kitchen-sink.aiff,y
01:20,clean-dishes/85442__jasonelrod__cleaning-dishes-in-kitchen-sink.aiff,m
01:25,clean-dishes/85442__jasonelrod__cleaning-dishes-in-kitchen-sink.aiff,y
00:05,clean-dishes/J-vaisselleMain.aac,y
00:10,clean-dishes/J-vaisselleMain.aac,y
00:05,clean-dishes/J-vaisselleMain2.aac,y
00:15,clean-dishes/J-vaisselleMain2.aac,y
00:30,clean-dishes/J-vaisselleMain2.aac,s
00:42,clean-dishes/J-vaisselleMain2.aac,s
00:15,clean-dishes/J2-vaisselleMain.mp4,y
00:23,clean-dishes/J2-vaisselleMain.mp4,y
00:35,clean-dishes/J2-vaisselleMain.mp4,y
00:45,clean-dishes/J2-vaisselleMain.mp4,y
00:55,clean-dishes/J2-vaisselleMain.mp4,s
00:10,clean-dishes/L-Laver_la_vaisselle_a_la_main.3gp,y
00:20,clean-dishes/L-Laver_la_vaisselle_a_la_main.3gp,y
00:30,clean-dishes/L-Laver_la_vaisselle_a_la_main.3gp,y
00:03,clean-dishes/M-vaisselleMain.wav,y
00:10,clean-dishes/M-vaisselleMain.wav,s
00:20,clean-dishes/M-vaisselleMain.wav,y
00:30,clean-dishes/M-vaisselleMain.wav,y
00:40,clean-dishes/M-vaisselleMain.wav,y
00:50,clean-dishes/M-vaisselleMain.wav,s
00:00,cupboard/133823__jakobhandersen__open-and-close-kitchen-cupboard.wav,y
00:18,cupboard/170488__mmaruska__something-in-the-cupboard.wav,y
00:38,cupboard/170488__mmaruska__something-in-the-cupboard.wav,y
00:52,cupboard/170488__mmaruska__something-in-the-cupboard.wav,y
00:00,cupboard/179295__jamesrodavidson__door-creaks.wav,n
00:00,cupboard/191110__moonfisher__tancar-armari.wav,y
01:25,cupboard/320610__petersrin__kitchen-ransack.wav,y
00:07,cupboard/327671__juan-merie-venter__cupboard-door0474.wav,y
00:00,cupboard/38117__swuing__badschrank.wav,y
00:01,cupboard/72619__j1987__cupboard-open-closing.wav,y
00:06,cupboard/72619__j1987__cupboard-open-closing.wav,y
00:11,cupboard/D-Portes_placard.m4a,y
00:30,cupboard/D-Portes_placard.m4a,y
00:25,cupboard/D-Portes_placard.m4a,y
00:03,cupboard/J-placard.aac,y
00:08,cupboard/J-placard.aac,y
00:04,cupboard/J-placard2.aac,y
00:08,cupboard/J-placard2.aac,y
00:15,cupboard/J-placard2.aac,y
00:30,cupboard/J-placard2.aac,y
00:00,cupboard/J2-placard.mp4,y
00:10,cupboard/J2-placard.mp4,y
00:20,cupboard/J2-placard.mp4,y
00:30,cupboard/J2-placard.mp4,y
00:00,cupboard/J3-Nouvel_en1_2.amr,y
00:05,cupboard/J3-Nouvel_en1_2.amr,m
00:02,cupboard/Jaz-placards2019_03_09_12_24_35.wav,y
00:10,cupboard/Jaz-placards2019_03_09_12_24_35.wav,y
00:29,cupboard/Jaz-placards2019_03_09_12_24_35.wav,y
00:40,cupboard/Jaz-placards2019_03_09_12_24_35.wav,y
00:02,cupboard/L-Ouvrir_et_fermer_des_placards.3gp,n
00:12,cupboard/L-Ouvrir_et_fermer_des_placards.3gp,y
00:15,cupboard/L-Ouvrir_et_fermer_des_placards.3gp,y
00:22,cupboard/L-Ouvrir_et_fermer_des_placards.3gp,y
00:30,cupboard/L-Ouvrir_et_fermer_des_placards.3gp,s
00:02,cupboard/M-placard.wav,y
00:13,cupboard/M-placard.wav,y
00:20,cupboard/M-placard.wav,y
00:40,cupboard/M-placard.wav,y
00:50,cupboard/M-placard.wav,y
00:00,cutlery/101478__earthsounds__moving-cutlery-in-rack.wav,y
00:13,cutlery/101478__earthsounds__moving-cutlery-in-rack.wav,y
00:20,cutlery/101478__earthsounds__moving-cutlery-in-rack.wav,y
00:13,cutlery/123606__alienistcog__md3trk13.aiff,y
00:49,cutlery/123606__alienistcog__md3trk13.aiff,y
00:08,cutlery/124432__alienistcog__cutlery-clatter.aiff,y
00:20,cutlery/124432__alienistcog__cutlery-clatter.aiff,y
00:35,cutlery/124432__alienistcog__cutlery-clatter.aiff,y
01:00,cutlery/124432__alienistcog__cutlery-clatter.aiff,y
00:00,cutlery/155902__tiptoe84__cutlery2.wav,y
00:00,cutlery/206144__ahill86__cutlery44.wav,y
00:00,cutlery/27365__gallagho__cutlery.wav,y
00:00,cutlery/275581__hinzebeat__cutlery-throwing-2.wav,y
05:22,cutlery/275954__leon-den-engelsen__kitchen-sounds.wav,y
05:30,cutlery/275954__leon-den-engelsen__kitchen-sounds.wav,y
01:17,cutlery/320610__petersrin__kitchen-ransack.wav,y
00:05,cutlery/345137__kuoshu__cutlery-open-drawer.wav,y
00:05,cutlery/376599__fthgurdy__taking-cutlery-from-drawer.wav,y
00:00,cutlery/413263__emilyws__cultery-spoons.wav,y
00:10,cutlery/413263__emilyws__cultery-spoons.wav,y
00:00,cutlery/457583__fabrizio84__cutlery-sounds.mp3,y
00:10,cutlery/457583__fabrizio84__cutlery-sounds.mp3,y
00:25,cutlery/457583__fabrizio84__cutlery-sounds.mp3,y
00:43,cutlery/457583__fabrizio84__cutlery-sounds.mp3,y
00:00,cutlery/50702__rutgermuller__cutlery-rattling.wav,y
00:10,cutlery/50702__rutgermuller__cutlery-rattling.wav,y
00:20,cutlery/50702__rutgermuller__cutlery-rattling.wav,s
00:03,cutlery/64127__robinhood76__00667-cutlery-putting-3.wav,y
00:15,cutlery/64127__robinhood76__00667-cutlery-putting-3.wav,y
00:20,cutlery/64127__robinhood76__00667-cutlery-putting-3.wav,s
00:00,cutlery/D-Couverts.m4a,y
00:05,cutlery/D-Couverts.m4a,s
00:15,cutlery/D-Couverts.m4a,y
00:20,cutlery/D-Couverts.m4a,y
00:25,cutlery/D-Couverts.m4a,s
00:30,cutlery/D-Couverts.m4a,s
00:03,cutlery/J-couvert.aac,y
00:08,cutlery/J-couvert.aac,s
00:05,cutlery/J-couvert2.aac,y
00:15,cutlery/J-couvert2.aac,y
00:25,cutlery/J-couvert2.aac,y
00:35,cutlery/J-couvert2.aac,y
00:45,cutlery/J-couvert2.aac,y
00:55,cutlery/J-couvert2.aac,y
00:00,cutlery/J2-couvert.mp4,y
00:10,cutlery/J2-couvert.mp4,y
00:20,cutlery/J2-couvert.mp4,y
00:00,cutlery/J2-couvert(1).mp4,y
00:10,cutlery/J2-couvert(1).mp4,y
00:20,cutlery/J2-couvert(1).mp4,y
00:00,cutlery/Jaz-couverts2019_03_09_12_21_40.wav,y
00:10,cutlery/Jaz-couverts2019_03_09_12_21_40.wav,y
00:20,cutlery/Jaz-couverts2019_03_09_12_21_40.wav,y
00:30,cutlery/Jaz-couverts2019_03_09_12_21_40.wav,y
00:40,cutlery/Jaz-couverts2019_03_09_12_21_40.wav,y
00:00,cutlery/K-couverts.m4a,y
00:10,cutlery/K-couverts.m4a,s
00:20,cutlery/K-couverts.m4a,y
00:30,cutlery/K-couverts.m4a,s
00:00,cutlery/L-Ranger_les_couverts.3gp,m
00:10,cutlery/L-Ranger_les_couverts.3gp,y
00:20,cutlery/L-Ranger_les_couverts.3gp,y
00:02,cutlery/L-Sortir_les_couverts.3gp,y
00:10,cutlery/L-Sortir_les_couverts.3gp,y
00:20,cutlery/L-Sortir_les_couverts.3gp,y
00:02,cutlery/M-couvert.wav,y
00:12,cutlery/M-couvert.wav,y
00:22,cutlery/M-couvert.wav,y
00:50,cutlery/M-couvert.wav,y
00:00,dishwasher/123443__alienistcog__md1trk1.aiff,y
00:20,dishwasher/123443__alienistcog__md1trk1.aiff,y
00:30,dishwasher/123443__alienistcog__md1trk1.aiff,y
00:20,dishwasher/192353__aaronstar__bosch-dishwasher-motor-base-of-machine-close.wav,y
00:30,dishwasher/192353__aaronstar__bosch-dishwasher-motor-base-of-machine-close.wav,y
00:40,dishwasher/192353__aaronstar__bosch-dishwasher-motor-base-of-machine-close.wav,y
00:10,dishwasher/20025__dobroide__20060618-dishwasher.flac,y
00:00,dishwasher/200977__nhumphrey__dishwashing-machine.wav,y
00:20,dishwasher/200977__nhumphrey__dishwashing-machine.wav,y
00:40,dishwasher/200977__nhumphrey__dishwashing-machine.wav,y
00:57,dishwasher/200977__nhumphrey__dishwashing-machine.wav,y
00:05,dishwasher/207428__tomhannen__dishwasher.wav,m
00:20,dishwasher/207428__tomhannen__dishwasher.wav,y
00:40,dishwasher/207428__tomhannen__dishwasher.wav,m
01:50,dishwasher/207428__tomhannen__dishwasher.wav,m
00:10,dishwasher/210836__eguaus__dishwasher.wav,y
00:20,dishwasher/210836__eguaus__dishwasher.wav,s
00:40,dishwasher/210836__eguaus__dishwasher.wav,y
00:00,dishwasher/267516__acertingart__dishwasher-sounds.mp3,y
00:10,dishwasher/267516__acertingart__dishwasher-sounds.mp3,y
03:10,dishwasher/267516__acertingart__dishwasher-sounds.mp3,y
06:20,dishwasher/267516__acertingart__dishwasher-sounds.mp3,y
01:03,dishwasher/322039__jupiturnip__dishwasher.wav,y
03:05,dishwasher/322039__jupiturnip__dishwasher.wav,y
00:00,dishwasher/341383__jknitter__dishwasher-loud.wav,y
00:10,dishwasher/341383__jknitter__dishwasher-loud.wav,y
00:30,dishwasher/341383__jknitter__dishwasher-loud.wav,s
00:00,dishwasher/341384__jknitter__dishwasher-30sec.wav,y
00:00,dishwasher/346006__wilhelmsqueek__dishwasher-m.wav,n
00:03,dishwasher/352871__revolt2563__dishwasher.wav,y
00:50,dishwasher/352871__revolt2563__dishwasher.wav,n
03:27,dishwasher/352871__revolt2563__dishwasher.wav,y
00:00,dishwasher/353121__cornersting__dishwasher-swishing.wav,y
00:10,dishwasher/353121__cornersting__dishwasher-swishing.wav,s
00:20,dishwasher/353121__cornersting__dishwasher-swishing.wav,y
00:30,dishwasher/353121__cornersting__dishwasher-swishing.wav,y
00:00,dishwasher/387125__nooneisreal__lave-vaisselle-dishwasher.wav,m
00:10,dishwasher/387125__nooneisreal__lave-vaisselle-dishwasher.wav,m
00:20,dishwasher/387125__nooneisreal__lave-vaisselle-dishwasher.wav,m
01:20,dishwasher/387125__nooneisreal__lave-vaisselle-dishwasher.wav,m
00:05,dishwasher/38759__klankschap__bosch-dishwasher-full-program-20070809.mp3,y
00:20,dishwasher/38759__klankschap__bosch-dishwasher-full-program-20070809.mp3,s
00:30,dishwasher/38759__klankschap__bosch-dishwasher-full-program-20070809.mp3,s
02:30,dishwasher/38759__klankschap__bosch-dishwasher-full-program-20070809.mp3,y
00:00,dishwasher/388378__jamesgilsenan__mechanicalbeat.wav,m
00:10,dishwasher/388378__jamesgilsenan__mechanicalbeat.wav,y
00:00,dishwasher/450511__dr19__dishwasher-washing.wav,y
00:10,dishwasher/450511__dr19__dishwasher-washing.wav,my
00:30,dishwasher/450511__dr19__dishwasher-washing.wav,m
00:40,dishwasher/450511__dr19__dishwasher-washing.wav,m
00:00,dishwasher/453955__kyles__dishwasher-2-cycles-close.flac,m
00:20,dishwasher/453955__kyles__dishwasher-2-cycles-close.flac,y
00:48,dishwasher/453955__kyles__dishwasher-2-cycles-close.flac,m
01:30,dishwasher/453955__kyles__dishwasher-2-cycles-close.flac,m
00:00,dishwasher/50499__gadzooks__dishwasher.wav,y
00:10,dishwasher/50499__gadzooks__dishwasher.wav,y
00:20,dishwasher/72092__lg__machine-01.wav,m
00:04,dishwasher/J-laveVaisselle.aac,n
00:20,dishwasher/J-laveVaisselle.aac,y
00:30,dishwasher/J-laveVaisselle.aac,y
00:30,dishwasher/J-laveVaisselle2.aac,m
00:50,dishwasher/J-laveVaisselle2.aac,y
00:00,dishwasher/Jaz-machine2019_03_10_10_44_52.wav,y
00:20,dishwasher/Jaz-machine2019_03_10_10_44_52.wav,ms
00:30,dishwasher/Jaz-machine2019_03_10_10_44_52.wav,y
00:50,dishwasher/Jaz-machine2019_03_10_10_44_52.wav,s
00:00,drawer/119725__jesabat__drawer-slam-1.wav,y
00:00,drawer/123013__j1987__snackdrawer.wav,y
00:00,drawer/131772__robinhood76__02883-furniture-drawer.wav,y
00:00,drawer/133829__jakobhandersen__open-and-close-kitchen-drawer.wav,y
00:01,drawer/167167__ultradust__drawers-small-desk-1.wav,y
00:00,drawer/167171__ultradust__drawers-in-the-kitchen.wav,y
00:04,drawer/167171__ultradust__drawers-in-the-kitchen.wav,y
00:01,drawer/167263__rshai__drawer-open-and-close.wav,y
00:00,drawer/168256__gmarchisio__wood-drawer.wav,y
00:00,drawer/181633__ancorapazzo__kitchen-drawer-with-some-cutlery-noise.wav,y
00:05,drawer/181633__ancorapazzo__kitchen-drawer-with-some-cutlery-noise.wav,y
00:00,drawer/185809__jkaas28__drawer.wav,y
00:00,drawer/185842__lloydevans09__metal-drawer.wav,y
00:03,drawer/257956__fillsoko__drawer-opening-closing.wav,y
00:08,drawer/257956__fillsoko__drawer-opening-closing.wav,y
00:00,drawer/260218__laura222__drawer.wav,y
04:50,drawer/275954__leon-den-engelsen__kitchen-sounds.wav,y
00:00,drawer/326461__miekyj__drawer-owi.wav,y
00:00,drawer/330021__mafon2__tons-of-drawers-and-ambries-being-open-and-closed.wav,y
00:05,drawer/330021__mafon2__tons-of-drawers-and-ambries-being-open-and-closed.wav,y
00:00,drawer/334490__sruelas__drawer-close.wav,y
00:00,drawer/334966__ricardofm__020-house-drawer.wav,y
00:00,drawer/336514__giddster__kitchen-drawer.wav,y
00:01,drawer/344353__amholma__drawer-opening-closing.wav,y
00:06,drawer/344353__amholma__drawer-opening-closing.wav,y
00:00,drawer/347788__zoragr__open-and-close-kitchen-drawer.wav,y
00:02,drawer/366113__leanemac__opening-and-closing-drawer.wav,y
00:00,drawer/367179__emmab19__drawer-opening-and-closing.wav,y
00:00,drawer/39560__the-bizniss__desk-drawer.wav,y
00:00,drawer/408785__tats14__draw.wav,y
00:00,drawer/434458__dersuperanton__drawer-opening-and-closing.wav,y
00:05,drawer/434458__dersuperanton__drawer-opening-and-closing.wav,y
00:02,drawer/441896__emile99__drawer-opening-closing.wav,y
00:11,drawer/441896__emile99__drawer-opening-closing.wav,y
01:27,drawer/442697__naturenotesuk__preparing-breakfast.wav,y
00:04,drawer/447966__jamieorpen__opening-drawer.wav,y
00:00,drawer/79387__j1987__drawer-close.wav,y
00:00,drawer/85124__wrylytucker__opening-and-closing-drawer.wav,y
00:01,drawer/J-tirroir.aac,y
00:02,drawer/Jaz-tiroirs2019_03_09_12_16_07.wav,y
00:08,drawer/Jaz-tiroirs2019_03_09_12_16_07.wav,y
00:13,drawer/Jaz-tiroirs2019_03_09_12_16_07.wav,y
00:20,drawer/Jaz-tiroirs2019_03_09_12_16_07.wav,s
00:00,drawer/Jaz-tiroirs22019_03_09_12_23_10.wav,s
00:10,drawer/Jaz-tiroirs22019_03_09_12_23_10.wav,s
00:18,drawer/Jaz-tiroirs22019_03_09_12_23_10.wav,y
00:31,drawer/Jaz-tiroirs22019_03_09_12_23_10.wav,s
00:45,drawer/Jaz-tiroirs22019_03_09_12_23_10.wav,y
00:03,drawer/M-tiroirs.wav,y
00:08,drawer/M-tiroirs.wav,s
00:14,drawer/M-tiroirs.wav,y
00:24,drawer/M-tiroirs.wav,s
00:50,drawer/M-tiroirs.wav,y
00:05,drawer/M-tirroir2019_03_06_20_13_04.wav,y
00:23,drawer/M-tirroir2019_03_06_20_13_04.wav,syy
00:33,drawer/M-tirroir2019_03_06_20_13_04.wav,y
01:09,eat/106261__greencouch__chocolade-eating.wav,y
00:06,eat/109151__zvukirukami__eating-watermelon.wav,y
00:13,eat/109151__zvukirukami__eating-watermelon.wav,y
00:00,eat/126315__robinhood76__02643-eating-lapping-lp.wav,y
00:10,eat/126315__robinhood76__02643-eating-lapping-lp.wav,y
00:03,eat/144183__lolamadeus__rustle-and-crisp-eating.wav,y
00:02,eat/157341__rtb45__chewing.wav,y
00:33,eat/157341__rtb45__chewing.wav,y
00:11,eat/182861__keweldog__eat-apple.wav,y
00:23,eat/182861__keweldog__eat-apple.wav,y
00:10,eat/217204__13henand__eating-carrot.wav,y
00:00,eat/235905__squashy555__eating-a-toastie.wav,y
00:00,eat/251484__tristan-lohengrin__chips-eating.wav,y
00:00,eat/269581__deadage__eating-chips.wav,y
00:03,eat/270492__ekdhs0115__.wav,y
00:01,eat/318608__papercutterjohn__crunch-and-munch.wav,y
00:03,eat/327916__ruonvniekerk__person-eating-chips.wav,y
00:20,eat/333825__sonicmariobrotha__apple-bite.wav,y
00:08,eat/353612__studentje72__appel-eten-en-smakken-origineel-1.wav,y
00:20,eat/360847__kokopetiyot__bite.wav,y
00:00,eat/364923__rudmer-rotteveel__eating-a-cracker-mouth-open.wav,y
00:00,eat/382650__bbrocer__chomp-chew-bite.wav,y
00:00,eat/382662__bbrocer__chewing.wav,y
00:05,eat/382664__bbrocer__eating-chips.wav,y
00:05,eat/382708__hmoosher__eating-pretzel.wav,y
00:14,eat/404691__chestnutjam__crunchy-cabbage-bites-chewing-retarded-extra.wav,y
00:28,eat/404691__chestnutjam__crunchy-cabbage-bites-chewing-retarded-extra.wav,y
00:10,eat/408095__biawinter__chewing.wav,y
00:00,eat/408822__slooshie-96__annoying-chewing.wav,y
00:06,eat/408981__jammaj__apple-chewing-fx.wav,y
00:03,eat/411596__bryanongsounds__eating-an-apple-02.wav,y
00:17,eat/41371__tofumike__peel-eat-corn.wav,y
00:30,eat/41371__tofumike__peel-eat-corn.wav,y
00:15,eat/425778__thatkellytrna__eating-pretzels.wav,y
00:02,eat/428931__paulosilva1__bolacha.wav,y
00:04,eat/428938__paulosilva1__pipoca.wav,y
00:13,eat/434461__dersuperanton__eating-chips.wav,y
00:05,eat/434524__vosvoy__humansound-eating-rawcarrot.wav,y
00:47,eat/449605__smuntsinger__candy-bar-mastication.wav,y
00:10,eat/458046__quetzalcontla__eating.wav,y
00:00,eat/458456__prometheus888__badeating.wav,y
00:00,eat/461342__carrieedick__cereal-2.wav,y
00:00,fridge/155302__pboix__fridge.wav,y
00:00,fridge/166928__ultradust__refrigerator-door-opening-and-closing.wav,y
00:00,fridge/181617__ancorapazzo__fridge-door-open-close.wav,y
00:07,fridge/181617__ancorapazzo__fridge-door-open-close.wav,y
00:15,fridge/181617__ancorapazzo__fridge-door-open-close.wav,y
00:20,fridge/181617__ancorapazzo__fridge-door-open-close.wav,y
00:01,fridge/190686__eelke__fridge-door-close.wav,y
01:14,fridge/202896__xiaoxiaozyh__kitchen-sounds.wav,y
00:01,fridge/209533__jackjames-tomknevitt__fridge-door.wav,y
00:01,fridge/220790__ross-stack__kitchen-fridge-door.wav,y
00:06,fridge/220790__ross-stack__kitchen-fridge-door.wav,y
07:27,fridge/275954__leon-den-engelsen__kitchen-sounds.wav,y
00:00,fridge/340847__barraacka__kitchenequipment-fridgedooropenandclose-stereo-16bit.wav,y
00:01,fridge/370229__mboscolo__fridge-open-and-close.wav,y
00:00,fridge/378327__13f-panska-tlolkova-matilda__opening-fridge.wav,y
00:05,fridge/378327__13f-panska-tlolkova-matilda__opening-fridge.wav,y
00:48,fridge/442697__naturenotesuk__preparing-breakfast.wav,y
01:21,fridge/442697__naturenotesuk__preparing-breakfast.wav,y
00:05,fridge/458402__breviceps__open-fridge-fridge-interior-close-fridge.wav,y
00:00,fridge/71509__philberts__fridge-door.wav,y
00:08,fridge/85109__cmusounddesign__jk-household-sequence.wav,y
00:00,fridge/D-Porte_frigo.m4a,y
00:10,fridge/D-Porte_frigo.m4a,y
00:20,fridge/D-Porte_frigo.m4a,s
00:04,fridge/J-frigo.aac,y
00:03,fridge/J-frigo2.aac,y
00:04,fridge/J-frigo2(1).aac,y
00:05,fridge/J-frigo3.aac,s
00:15,fridge/J-frigo3.aac,s
00:25,fridge/J-frigo3.aac,s
00:35,fridge/J-frigo3.aac,y
00:45,fridge/J-frigo3.aac,s
01:10,fridge/J-frigo3.aac,y
00:00,fridge/Jaz-frigo2019_03_09_12_20_29.wav,y
00:10,fridge/Jaz-frigo2019_03_09_12_20_29.wav,y
00:20,fridge/Jaz-frigo2019_03_09_12_20_29.wav,y
00:30,fridge/Jaz-frigo2019_03_09_12_20_29.wav,s
00:03,fridge/K-frigo.m4a,y
00:10,fridge/K-frigo.m4a,y
00:25,fridge/K-frigo.m4a,s
00:33,fridge/K-frigo.m4a,y
00:02,fridge/L-Ouvrir_et_fermer_un_refrigerateur.3gp,y
00:09,fridge/L-Ouvrir_et_fermer_un_refrigerateur.3gp,y
00:22,fridge/L-Ouvrir_et_fermer_un_refrigerateur.3gp,s
00:30,fridge/L-Ouvrir_et_fermer_un_refrigerateur.3gp,y
00:00,fridge/M-frigo.wav,y
00:07,fridge/M-frigo.wav,y
00:17,fridge/M-frigo.wav,y
00:30,fridge/M-frigo.wav,y
00:52,fridge/M-frigo.wav,y
00:20,frying-pan/109091__hadders__sausages-frying.wav,y
00:30,frying-pan/109091__hadders__sausages-frying.wav,y
00:40,frying-pan/109091__hadders__sausages-frying.wav,y
01:45,frying-pan/109091__hadders__sausages-frying.wav,s
00:44,frying-pan/149276__al-barbosa__vegetarian-restaurant-kitchen.wav,y
00:00,frying-pan/156973__martats__frying-bacon.wav,y
00:10,frying-pan/156973__martats__frying-bacon.wav,y
00:17,frying-pan/156973__martats__frying-bacon.wav,y
02:16,frying-pan/181627__ancorapazzo__kitchen-cooking-noises-ambience.wav,y
00:00,frying-pan/210023__samkolber__frying.wav,y
00:06,frying-pan/210023__samkolber__frying.wav,y
00:00,frying-pan/232245__mrauralization__frying-pan.wav,y
00:10,frying-pan/232245__mrauralization__frying-pan.wav,y
00:30,frying-pan/232245__mrauralization__frying-pan.wav,y
00:40,frying-pan/232245__mrauralization__frying-pan.wav,y
00:00,frying-pan/235537__simosco__frying-steak.wav,y
00:08,frying-pan/235537__simosco__frying-steak.wav,y
00:01,frying-pan/237693__raremess__rm-frying-food.wav,y
00:12,frying-pan/237693__raremess__rm-frying-food.wav,y
00:00,frying-pan/239639__applauseav__bacon-frying-sizzle-pop.wav,y
00:09,frying-pan/239639__applauseav__bacon-frying-sizzle-pop.wav,y
00:01,frying-pan/264451__philllchabbb__frying-pan-cooking.wav,y
00:15,frying-pan/264451__philllchabbb__frying-pan-cooking.wav,y
00:37,frying-pan/264451__philllchabbb__frying-pan-cooking.wav,y
00:48,frying-pan/264451__philllchabbb__frying-pan-cooking.wav,y
00:00,frying-pan/267310__viznoman__cooking-steak.wav,y
00:14,frying-pan/267310__viznoman__cooking-steak.wav,y
00:25,frying-pan/267310__viznoman__cooking-steak.wav,y
00:00,frying-pan/320731__dwums96__frying-bacon-rain.wav,y
00:15,frying-pan/320731__dwums96__frying-bacon-rain.wav,y
00:30,frying-pan/320731__dwums96__frying-bacon-rain.wav,y
01:30,frying-pan/320731__dwums96__frying-bacon-rain.wav,y
00:30,frying-pan/32371__walter-odington__frying-pan-chicken-and-onion.wav,y
00:50,frying-pan/32371__walter-odington__frying-pan-chicken-and-onion.wav,y
01:15,frying-pan/32371__walter-odington__frying-pan-chicken-and-onion.wav,s
01:30,frying-pan/32371__walter-odington__frying-pan-chicken-and-onion.wav,y
00:10,frying-pan/332561__larasark__cooking-onions.wav,y
00:12,frying-pan/333518__thesuprememuffinpooter__cracking-and-frying-egg.wav,y
00:25,frying-pan/333518__thesuprememuffinpooter__cracking-and-frying-egg.wav,y
00:20,frying-pan/349094__thepacifist__frying-an-omlette.wav,y
00:43,frying-pan/349094__thepacifist__frying-an-omlette.wav,y
00:00,frying-pan/351277__kinoton__frying-fat.wav,y
00:10,frying-pan/351277__kinoton__frying-fat.wav,y
00:00,frying-pan/387968__giddster__frying-meat.wav,y
00:10,frying-pan/387968__giddster__frying-meat.wav,y
00:15,frying-pan/388092__kalou__frying-pan.wav,y
00:00,frying-pan/408719__nkone-m__oil-sizzling.wav,y
00:15,frying-pan/408719__nkone-m__oil-sizzling.wav,y
00:00,frying-pan/417995__derjuli__food-in-a-frying-pan.wav,y
00:02,frying-pan/421957__columbia23__canned-ham-sizzling.wav,y
00:36,frying-pan/421957__columbia23__canned-ham-sizzling.wav,y
01:12,frying-pan/421957__columbia23__canned-ham-sizzling.wav,y
00:02,frying-pan/426870__katfolker__frying-food.wav,y
01:05,frying-pan/426870__katfolker__frying-food.wav,y
01:40,frying-pan/426870__katfolker__frying-food.wav,s
00:00,frying-pan/434619__pencilina__morning-egg.wav,n
00:00,frying-pan/440830__bon-vivant-pictures__adding-bacon-to-frying-pan.wav,y
00:25,frying-pan/440830__bon-vivant-pictures__adding-bacon-to-frying-pan.wav,y
00:40,frying-pan/440830__bon-vivant-pictures__adding-bacon-to-frying-pan.wav,y
00:10,frying-pan/440856__iainmccurdy__frying10.wav,y
00:45,frying-pan/440856__iainmccurdy__frying10.wav,y
00:05,frying-pan/66716__robinhood76__00866-frying-1.wav,y
00:35,frying-pan/66716__robinhood76__00866-frying-1.wav,y
00:18,frying-pan/69597__geissler__cooking.wav,y
00:39,frying-pan/69597__geissler__cooking.wav,y
00:23,frying-pan/85109__cmusounddesign__jk-household-sequence.wav,y
01:08,frying-pan/85109__cmusounddesign__jk-household-sequence.wav,y
02:40,frying-pan/85109__cmusounddesign__jk-household-sequence.wav,y
00:00,juicer/220774__ross-stack__kitchen-krups-orange-juicer-01.wav,y
00:05,juicer/220774__ross-stack__kitchen-krups-orange-juicer-01.wav,y
00:10,juicer/220774__ross-stack__kitchen-krups-orange-juicer-01.wav,y
00:15,juicer/220774__ross-stack__kitchen-krups-orange-juicer-01.wav,s
00:07,juicer/324782__miguel2613__making-juice-foreground.wav,y
00:12,juicer/324782__miguel2613__making-juice-foreground.wav,y
00:19,juicer/324782__miguel2613__making-juice-foreground.wav,y
00:30,juicer/324782__miguel2613__making-juice-foreground.wav,s
00:02,juicer/46221__simple-machines__orange-juice.wav,y
00:07,juicer/46221__simple-machines__orange-juice.wav,s
00:12,juicer/46221__simple-machines__orange-juice.wav,y
00:17,juicer/46221__simple-machines__orange-juice.wav,y
00:02,juicer/46222__simple-machines__orange-juice-glass-ring.wav,y
00:07,juicer/46222__simple-machines__orange-juice-glass-ring.wav,y
00:15,juicer/46222__simple-machines__orange-juice-glass-ring.wav,y
00:22,juicer/46222__simple-machines__orange-juice-glass-ring.wav,y
00:00,juicer/D-Presse-agrumes.m4a,y
00:05,juicer/D-Presse-agrumes.m4a,y
00:15,juicer/D-Presse-agrumes.m4a,y
00:20,juicer/D-Presse-agrumes.m4a,s
00:25,juicer/D-Presse-agrumes.m4a,y
00:30,juicer/D-Presse-agrumes.m4a,s
00:00,juicer/M-preseAgrume2.wav,y
00:10,juicer/M-preseAgrume2.wav,y
00:30,juicer/M-preseAgrume2.wav,y
00:40,juicer/M-preseAgrume2.wav,s
00:00,juicer/M-presseAgrume.wav,y
00:10,juicer/M-presseAgrume.wav,y
00:02,juicer/M2_juicer2019_03_06_20_10_47.wav,y
00:07,juicer/M2_juicer2019_03_06_20_10_47.wav,y
00:15,juicer/M2_juicer2019_03_06_20_10_47.wav,y
00:02,juicer/M2_juicer2019_03_11_19_31_49.wav,y
00:20,juicer/M2_juicer2019_03_11_19_31_49.wav,sounds like blender
00:27,juicer/M2_juicer2019_03_11_19_31_49.wav,blender like
00:00,microwave/101477__earthsounds__microwave.wav,y
00:10,microwave/101477__earthsounds__microwave.wav,y
00:20,microwave/101477__earthsounds__microwave.wav,s
00:01,microwave/102692__cambra__microwave.wav,a second later is better
00:10,microwave/102692__cambra__microwave.wav,y
00:20,microwave/102692__cambra__microwave.wav,y
01:17,microwave/149276__al-barbosa__vegetarian-restaurant-kitchen.wav,y
00:00,microwave/156109__thecityrings__sonicsnap-gpsuk-microwave.wav,y
00:12,microwave/166926__ultradust__microwave-oven-sounds.wav,y
00:20,microwave/166926__ultradust__microwave-oven-sounds.wav,y
00:41,microwave/166926__ultradust__microwave-oven-sounds.wav,y
00:11,microwave/171378__jakisdead__microwave-powers-up-and-short-circuits.wav,y
00:01,microwave/171450__hinzebeat__microwave.wav,y
00:05,microwave/182743__thaismontanaricabral__microondas.wav,y
00:20,microwave/182743__thaismontanaricabral__microondas.wav,y
00:30,microwave/182743__thaismontanaricabral__microondas.wav,y
00:00,microwave/185883__eirikr__microwave.wav,y
00:09,microwave/201660__ashleyxxpiano__microwave.wav,y
00:15,microwave/201660__ashleyxxpiano__microwave.wav,y
00:34,microwave/202896__xiaoxiaozyh__kitchen-sounds.wav,y
00:46,microwave/202896__xiaoxiaozyh__kitchen-sounds.wav,y
00:00,microwave/209539__jackjames-tomknevitt__microwave.wav,y
00:09,microwave/220848__robertwulfman__using-a-microwave.wav,y
00:15,microwave/240547__rivernile7__microwave.wav,y
00:20,microwave/240547__rivernile7__microwave.wav,y
00:03,microwave/254814__kwahmah-02__microwave-1.wav,y
00:08,microwave/254814__kwahmah-02__microwave-1.wav,y
00:00,microwave/264310__olliehahn12__microwave.wav,y
00:10,microwave/264310__olliehahn12__microwave.wav,y
00:25,microwave/264310__olliehahn12__microwave.wav,y
00:03,microwave/27367__gallagho__microwave.wav,y
06:25,microwave/275954__leon-den-engelsen__kitchen-sounds.wav,y
07:02,microwave/275954__leon-den-engelsen__kitchen-sounds.wav,y
00:14,microwave/334488__sruelas__ambient-microwaving-popcorn.wav,y
00:25,microwave/334488__sruelas__ambient-microwaving-popcorn.wav,y
00:21,microwave/335882__hannahstootall__kitchen-meal.wav,n
01:28,microwave/345711__psykophobia__kitchen-sounds-clattering-and-soup-in-the-microwave.wav,y
01:45,microwave/345711__psykophobia__kitchen-sounds-clattering-and-soup-in-the-microwave.wav,n
00:04,microwave/349485__ollisuoranta__microwave-oven.wav,y
00:10,microwave/349485__ollisuoranta__microwave-oven.wav,s
00:03,microwave/353650__soundatadm__microwave.wav,y
00:07,microwave/370235__mboscolo__microwave.wav,y
00:00,microwave/400682__supersnd__microwave-running-stopping.wav,y
00:37,microwave/400682__supersnd__microwave-running-stopping.wav,y
00:14,microwave/408767__oldschool__microwave-open-close-button-running.wav,y
00:11,microwave/426873__katfolker__microwave-popcorn.wav,y
00:23,microwave/426873__katfolker__microwave-popcorn.wav,y
00:10,microwave/427812__seenms__microwave-in-kitchen.wav,y
00:07,microwave/457029__breviceps__microwave-oven-open-close-operating-sounds.wav,y
00:00,microwave/64126__robinhood76__00666-microwave-oven-1.wav,y
00:05,microwave/83703__gallershades__microwave.wav,boarf
00:00,peel/110105__tomlija__peeling-two-apples-at-the-same-time.aiff,y
00:20,peel/110105__tomlija__peeling-two-apples-at-the-same-time.aiff,y
00:30,peel/110105__tomlija__peeling-two-apples-at-the-same-time.aiff,y
00:47,peel/110105__tomlija__peeling-two-apples-at-the-same-time.aiff,y
03:14,peel/182428__landub__kitchen-ambiance-making-breakfast.wav,y
00:00,peel/249774__klankbeeld__potatoes-peel-and-cut.wav,y
00:10,peel/249774__klankbeeld__potatoes-peel-and-cut.wav,y
00:20,peel/249774__klankbeeld__potatoes-peel-and-cut.wav,y
00:30,peel/249774__klankbeeld__potatoes-peel-and-cut.wav,y
00:00,peel/360792__dutchlady__schillen-winterpeen.wav,y
00:00,peel/429887__vartian__peeling-carrots.wav,y
00:10,peel/429887__vartian__peeling-carrots.wav,y
00:20,peel/429887__vartian__peeling-carrots.wav,y
00:30,peel/429887__vartian__peeling-carrots.wav,y
00:02,peel/459399__samuelgremaud__vegetables-peeling.wav,y
00:10,peel/459399__samuelgremaud__vegetables-peeling.wav,y
00:35,peel/459399__samuelgremaud__vegetables-peeling.wav,y
00:50,peel/459399__samuelgremaud__vegetables-peeling.wav,n
00:02,peel/econome1.wav,y
00:12,peel/econome1.wav,y
00:30,peel/econome1.wav,y
00:51,peel/econome1.wav,y
00:00,peel/J2-rapper.mp4,y
00:10,peel/J2-rapper.mp4,y
00:20,peel/J2-rapper.mp4,y
00:25,peel/J2-rapper.mp4,s
00:30,peel/J2-rapper.mp4,y
00:40,peel/J2-rapper.mp4,s
00:02,peel/M-eplucher.wav,y
00:10,peel/M-eplucher.wav,y
00:20,peel/M-eplucher.wav,s
00:30,peel/M-eplucher.wav,y
00:40,peel/M-eplucher.wav,s
00:02,peel/M-eplucher(1).wav,y
00:08,peel/M-eplucher(1).wav,y
00:30,peel/M-eplucher(1).wav,s
00:40,peel/M-eplucher(1).wav,y
00:05,peel/M2_pomme2019_03_11_19_34_45.wav,y
00:20,peel/M2_pomme2019_03_11_19_34_45.wav,y
00:40,peel/M2_pomme2019_03_11_19_34_45.wav,y
00:50,peel/M2_pomme2019_03_11_19_34_45.wav,y
00:00,plates/144185__lolamadeus__plates-clanking.wav,y
00:05,plates/144185__lolamadeus__plates-clanking.wav,y
00:00,plates/186419__calopa310__ceramic-dishes.wav,y
00:00,plates/214440__osh37__plate-2.aiff,y
00:10,plates/214440__osh37__plate-2.aiff,y
00:34,plates/214440__osh37__plate-2.aiff,y
00:46,plates/214440__osh37__plate-2.aiff,y
00:00,plates/275584__hinzebeat__plate-slide-over-table.wav,y
07:14,plates/275954__leon-den-engelsen__kitchen-sounds.wav,y
00:00,plates/33986__sagetyrtle__dishes.wav,y
00:05,plates/33986__sagetyrtle__dishes.wav,y
01:00,plates/341961__mediaman57__kitchen-sounds-06.wav,y
00:01,plates/344362__amholma__glass-bowl-set.wav,y
00:00,plates/365521__caitlin-100__plates.mp3,y
00:05,plates/365521__caitlin-100__plates.mp3,y
00:00,plates/408759__oldschool__glass-plate-sounds.wav,y
00:07,plates/408759__oldschool__glass-plate-sounds.wav,y
00:17,plates/408759__oldschool__glass-plate-sounds.wav,y
00:42,plates/409874__kash15__kitchen-amb.wav,y
01:32,plates/409874__kash15__kitchen-amb.wav,y
00:00,plates/413262__emilyws__cutlery-plates.wav,y
00:05,plates/413262__emilyws__cutlery-plates.wav,y
00:07,plates/439584__williamjmeyer__foley-dropping-fork-on-plate-2.wav,y
00:23,plates/439584__williamjmeyer__foley-dropping-fork-on-plate-2.wav,y
00:33,plates/439584__williamjmeyer__foley-dropping-fork-on-plate-2.wav,s
00:00,plates/D-Assiettes.m4a,y
00:05,plates/D-Assiettes.m4a,y
00:15,plates/D-Assiettes.m4a,y
00:20,plates/D-Assiettes.m4a,s
00:25,plates/D-Assiettes.m4a,y
00:30,plates/D-Assiettes.m4a,s
00:00,plates/J-assiettes.aac,y
00:03,plates/J-assiettes2.aac,y
00:04,plates/J-assiettes3.aac,y
00:09,plates/J-assiettes3.aac,y
00:05,plates/J-assiettes4.aac,y
00:10,plates/J-assiettes4.aac,y
00:15,plates/J-assiettes4.aac,y
00:20,plates/J-assiettes4.aac,y
00:30,plates/J-assiettes4.aac,y
00:40,plates/J-assiettes4.aac,y
00:00,plates/J2-assiettes.mp4,y
00:10,plates/J2-assiettes.mp4,y
00:20,plates/J2-assiettes.mp4,y
00:30,plates/J2-assiettes.mp4,y
00:00,plates/Jaz-assiettes2019_03_09_12_17_35.wav,y
00:10,plates/Jaz-assiettes2019_03_09_12_17_35.wav,y
00:20,plates/Jaz-assiettes2019_03_09_12_17_35.wav,y
00:30,plates/Jaz-assiettes2019_03_09_12_17_35.wav,y
00:40,plates/Jaz-assiettes2019_03_09_12_17_35.wav,y
00:00,plates/K-assiettes.m4a,y
00:10,plates/K-assiettes.m4a,y
00:20,plates/K-assiettes.m4a,y
00:30,plates/K-assiettes.m4a,y
00:02,plates/L-Assiettes.3gp,y
00:10,plates/L-Assiettes.3gp,y
00:20,plates/L-Assiettes.3gp,s
00:30,plates/L-Assiettes.3gp,y
00:00,plates/M-assiettes.wav,y
00:10,plates/M-assiettes.wav,y
00:20,plates/M-assiettes.wav,y
00:40,plates/M-assiettes.wav,y
00:55,plates/M-assiettes.wav,y
00:00,stove-burner/102709__cambra__stove.wav,y
00:05,stove-burner/102709__cambra__stove.wav,y
00:03,stove-burner/108240__cgero88__starting-stove.wav,y
00:02,stove-burner/108842__orestes910__burner1.wav,y
00:00,stove-burner/16365__kcparker__stove-echo-in-cups.wav,y
00:00,stove-burner/166921__ultradust__gas-stove.wav,y
00:00,stove-burner/176016__mrauralization__gas-stove.wav,y
00:55,stove-burner/181627__ancorapazzo__kitchen-cooking-noises-ambience.wav,y
00:00,stove-burner/185617__yourfriendjesse__water-boiling-gas-burning.wav,y
00:00,stove-burner/210031__samkolber__stove.wav,y
00:00,stove-burner/233295__tonitobe__lighting-fire-kitchen.wav,y
00:05,stove-burner/234882__leosalom__stove-electric-ignition.wav,y
00:04,stove-burner/240077__g-beatrix__stove.wav,y
00:14,stove-burner/240077__g-beatrix__stove.wav,y
00:02,stove-burner/26401__wim__gasstove.wav,y
00:36,stove-burner/275954__leon-den-engelsen__kitchen-sounds.wav,y
00:13,stove-burner/335882__hannahstootall__kitchen-meal.wav,y
00:01,stove-burner/336507__haku89__stove.wav,y
00:08,stove-burner/336507__haku89__stove.wav,y
00:00,stove-burner/342637__cynthia-1968__cooking-gas-burner.wav,y
00:00,stove-burner/348127__welgraven__stove-full.wav,y
00:13,stove-burner/348127__welgraven__stove-full.wav,y
00:00,stove-burner/408993__jammaj__gass-stove-fx.wav,y
00:06,stove-burner/408993__jammaj__gass-stove-fx.wav,y
00:00,stove-burner/426225__derjuli__gas-stove.wav,y
00:12,stove-burner/426225__derjuli__gas-stove.wav,y
00:00,stove-burner/53669__crispy527__stove-light-burn.wav,y
00:02,stove-burner/70770__kayasavas87__stove-lighting.wav,y
00:10,stove-burner/70770__kayasavas87__stove-lighting.wav,y
00:16,stove-burner/70770__kayasavas87__stove-lighting.wav,y
00:00,stove-burner/70926__jfajner__gas-stove.wav,y
00:28,stove-burner/70926__jfajner__gas-stove.wav,y
00:00,stove-burner/85839__mwlandi__gas-stove-turn-off-4.aiff,y
00:00,stove-burner/85843__mwlandi__gas-stove-turn-on-5.aiff,y
00:00,stove-burner/85844__mwlandi__gas-stove-turn-on-and-off.aiff,y
00:03,stove-burner/J-gaz.aac,y
00:08,stove-burner/J-gaz.aac,y
00:04,stove-burner/J-gaz2.aac,y
00:14,stove-burner/J-gaz2.aac,m
00:20,stove-burner/J-gaz2.aac,y
01:03,stove-burner/J-gaz2.aac,y
00:35,stove-burner/J-gaz2.aac,y
00:00,stove-burner/L-Bruleur_a_gaz.3gp,y
00:05,stove-burner/L-Bruleur_a_gaz.3gp,y
00:12,stove-burner/L-Bruleur_a_gaz.3gp,m
00:04,stove-fan/137248__xenognosis__vent-fan.wav,y
00:10,stove-fan/137248__xenognosis__vent-fan.wav,y
00:00,stove-fan/146774__nlm__cooker-hood-fan-cycle.wav,y
00:14,stove-fan/146774__nlm__cooker-hood-fan-cycle.wav,y
00:20,stove-fan/146774__nlm__cooker-hood-fan-cycle.wav,y
00:45,stove-fan/146774__nlm__cooker-hood-fan-cycle.wav,y
00:00,stove-fan/168477__buddhabeats__exhaust-fan-kitchen-stove-turn-on-turn-off-short.wav,y
00:05,stove-fan/168477__buddhabeats__exhaust-fan-kitchen-stove-turn-on-turn-off-short.wav,y
00:00,stove-fan/168478__buddhabeats__exhaust-fan-kitchen-stove-turn-on-turn-off-long.wav,y
00:14,stove-fan/168478__buddhabeats__exhaust-fan-kitchen-stove-turn-on-turn-off-long.wav,y
00:02,stove-fan/175398__stwrongtone__bathroom-exhaust-fan.wav,y
00:08,stove-fan/175398__stwrongtone__bathroom-exhaust-fan.wav,m
00:02,stove-fan/175406__stwrongtone__stove-overhead-fan-low.wav,y
00:07,stove-fan/175406__stwrongtone__stove-overhead-fan-low.wav,y
00:12,stove-fan/175406__stwrongtone__stove-overhead-fan-low.wav,y
00:17,stove-fan/175406__stwrongtone__stove-overhead-fan-low.wav,s
00:00,stove-fan/400577__inspectorj__bathroom-extractor-fan-a.wav,y
00:00,stove-fan/460929__edvardj__kitchen-exhaust-fan.wav,y
00:05,stove-fan/460929__edvardj__kitchen-exhaust-fan.wav,m
00:11,stove-fan/460929__edvardj__kitchen-exhaust-fan.wav,m
00:00,stove-fan/54574__cumesoftware__exhaustfan1.wav,y
00:05,stove-fan/54574__cumesoftware__exhaustfan1.wav,m
00:10,stove-fan/54574__cumesoftware__exhaustfan1.wav,m
00:32,stove-fan/54574__cumesoftware__exhaustfan1.wav,y
00:00,stove-fan/66365__robinhood76__00745-switching-big-fan.wav,y
00:12,stove-fan/66365__robinhood76__00745-switching-big-fan.wav,y
00:20,stove-fan/66365__robinhood76__00745-switching-big-fan.wav,m
00:25,stove-fan/66365__robinhood76__00745-switching-big-fan.wav,y
00:00,stove-fan/85826__mwlandi__exhaust-fan-1.aiff,y
00:41,stove-fan/85826__mwlandi__exhaust-fan-1.aiff,m
00:00,stove-fan/D-Hotte.m4a,m
00:10,stove-fan/D-Hotte.m4a,m
00:03,stove-fan/J-hotte.aac,y
00:10,stove-fan/J-hotte.aac,y
00:15,stove-fan/J-hotte.aac,y
00:04,stove-fan/J-hotte2.aac,y
00:30,stove-fan/J-hotte2.aac,y
00:45,stove-fan/J-hotte2.aac,y
00:00,stove-fan/Jaz-hotte2019_03_09_12_27_01.wav,y
00:08,stove-fan/Jaz-hotte2019_03_09_12_27_01.wav,y
00:16,stove-fan/Jaz-hotte2019_03_09_12_27_01.wav,y
00:22,stove-fan/Jaz-hotte2019_03_09_12_27_01.wav,y
00:00,stove-fan/K-hotte.m4a,y
00:35,stove-fan/K-hotte.m4a,y
00:54,stove-fan/K-hotte.m4a,y
00:01,stove-fan/L-Bruit_de_hotte.3gp,y
00:09,stove-fan/L-Bruit_de_hotte.3gp,y
00:00,stove-fan/M-hotte.wav,y
00:05,stove-fan/M-hotte.wav,y
00:12,stove-fan/M-hotte.wav,y
00:20,stove-fan/M-hotte.wav,y
00:23,stove-fan/M-hotte.wav,y
00:38,stove-fan/M-hotte.wav,s
00:50,stove-fan/M-hotte.wav,s
00:00,sweep/122815__geodylabs__sweeping-floor.mp3,y
00:05,sweep/122815__geodylabs__sweeping-floor.mp3,y
00:20,sweep/122815__geodylabs__sweeping-floor.mp3,y
00:20,sweep/125866__xserra__sweeping-iisc-bangalore.wav,y
00:30,sweep/125866__xserra__sweeping-iisc-bangalore.wav,y
00:04,sweep/182428__landub__kitchen-ambiance-making-breakfast.wav,y
00:09,sweep/186043__mshibley__sweeping.wav,y
00:30,sweep/186043__mshibley__sweeping.wav,y
01:00,sweep/186043__mshibley__sweeping.wav,y
01:27,sweep/186043__mshibley__sweeping.wav,y
02:39,sweep/186043__mshibley__sweeping.wav,y
00:03,sweep/20286__freqman__broom-sweep.wav,y
00:08,sweep/20286__freqman__broom-sweep.wav,y
00:00,sweep/213569__mboscolo__broom-sweeps-1.wav,y
00:06,sweep/213569__mboscolo__broom-sweeps-1.wav,y
00:00,sweep/222555__raremess__sweeping-the-floor.wav,y
00:05,sweep/222555__raremess__sweeping-the-floor.wav,y
00:04,sweep/241350__lyndseymel__broom-02.wav,y
00:17,sweep/241350__lyndseymel__broom-02.wav,y
00:40,sweep/241350__lyndseymel__broom-02.wav,y
00:00,sweep/325956__ymb__sweeping-fx.wav,y
00:09,sweep/325956__ymb__sweeping-fx.wav,y
00:00,sweep/326690__jacquelinekohrs150067__broom.wav,y
00:05,sweep/326690__jacquelinekohrs150067__broom.wav,y
00:00,sweep/328047__btherad2000__30-sweeping-broom.wav,y
00:25,sweep/328047__btherad2000__30-sweeping-broom.wav,y
00:35,sweep/328047__btherad2000__30-sweeping-broom.wav,y
00:45,sweep/328047__btherad2000__30-sweeping-broom.wav,y
00:00,sweep/328324__cjfilmmaker__indoor-broom-sweep-wood-flooring-stereo.wav,y
00:10,sweep/328324__cjfilmmaker__indoor-broom-sweep-wood-flooring-stereo.wav,y
00:24,sweep/328324__cjfilmmaker__indoor-broom-sweep-wood-flooring-stereo.wav,s
00:40,sweep/328324__cjfilmmaker__indoor-broom-sweep-wood-flooring-stereo.wav,y
00:20,sweep/344428__munyeca__sweeping-a-bamboo-floor.wav,y
00:33,sweep/344428__munyeca__sweeping-a-bamboo-floor.wav,y
00:50,sweep/344428__munyeca__sweeping-a-bamboo-floor.wav,s
00:00,sweep/353647__soundatadm__tq-sweeping.wav,y
00:07,sweep/353647__soundatadm__tq-sweeping.wav,y
00:00,sweep/366704__anandthethird__broom-sweeping.wav,y
00:00,sweep/378313__13f-panska-koprivikova-klara__sweep.wav,y
00:10,sweep/378313__13f-panska-koprivikova-klara__sweep.wav,y
00:20,sweep/378313__13f-panska-koprivikova-klara__sweep.wav,y
00:00,sweep/408206__170084__sweeping.wav,y
00:00,sweep/408217__ramiro1007__broom-on-sand.wav,y
00:08,sweep/441931__180149__broom-sweeping.wav,y
00:18,sweep/441931__180149__broom-sweeping.wav,y
00:23,sweep/441931__180149__broom-sweeping.wav,y
00:00,sweep/444937__lauren-wilson__sweeping.wav,y
00:05,sweep/444937__lauren-wilson__sweeping.wav,y
00:10,sweep/444937__lauren-wilson__sweeping.wav,y
00:00,sweep/445516__180007__sweeping.wav,y
00:00,sweep/452705__parkersenk__sweeping-the-floor.wav,y
00:00,sweep/452795__cloe-king__sweeping-on-carpet.wav,y
00:10,sweep/452795__cloe-king__sweeping-on-carpet.wav,m
00:00,sweep/D-Balai.m4a,y
00:05,sweep/D-Balai.m4a,s
00:15,sweep/D-Balai.m4a,y
00:20,sweep/D-Balai.m4a,s
00:25,sweep/D-Balai.m4a,s
00:30,sweep/D-Balai.m4a,y
00:00,water-flowing/152977__dianser72__toilet-tap.wav,y
00:01,water-flowing/153243__noemicp__sound-water-of-the-left-tap.wav,y
00:08,water-flowing/155306__pboix__watersink.wav,meh
00:02,water-flowing/155899__tiptoe84__tapwater.wav,y
00:10,water-flowing/155899__tiptoe84__tapwater.wav,y
00:15,water-flowing/155899__tiptoe84__tapwater.wav,s
00:00,water-flowing/168651__0xmusex0__bathfill.wav,y
00:10,water-flowing/168651__0xmusex0__bathfill.wav,y
00:00,water-flowing/169937__boksholm__water-tap.wav,y
00:00,water-flowing/172726__clare-wells__washing-up-4.wav,y
00:00,water-flowing/178417__motion-s__tap-water.wav,y
00:10,water-flowing/178417__motion-s__tap-water.wav,y
00:00,water-flowing/181629__ancorapazzo__kitchen-tap-running-water.wav,y
00:28,water-flowing/181629__ancorapazzo__kitchen-tap-running-water.wav,y
00:30,water-flowing/182428__landub__kitchen-ambiance-making-breakfast.wav,y
00:04,water-flowing/189971__sangtao__tap.wav,y
00:00,water-flowing/206169__ahill86__tap44.wav,y
00:01,water-flowing/209652__soundscape-leuphana__20131203-running-water-tap-zoomh2nxy.wav,y
00:00,water-flowing/212177__owlstorm__tap-water-1.wav,y
00:00,water-flowing/233061__lukeupf__tap.wav,y
00:00,water-flowing/233452__dmadridp__tap.wav,y
00:03,water-flowing/257959__fillsoko__faucet.wav,y
00:13,water-flowing/257959__fillsoko__faucet.wav,y
00:35,water-flowing/30679__erh__sink-water.wav,meh sounds like cooking
00:01,water-flowing/318931__inspectorj__tap-on-tap-off-a.wav,y
00:02,water-flowing/328270__trikboi__tap.wav,hard
00:06,water-flowing/328270__trikboi__tap.wav,y
00:00,water-flowing/32870__oniwe__openingtapwatersink.wav,y
00:01,water-flowing/333440__noisesounds__waterkraan.wav,sounds like cooking
00:00,water-flowing/340914__passairmangrace__waterfaucet-loud-mono-bip.wav,cooking like 
00:00,water-flowing/351927__mega-x-stream__filling-a-pan-with-water.wav,y
00:06,water-flowing/351927__mega-x-stream__filling-a-pan-with-water.wav,cooking like
00:17,water-flowing/352050__kenzievaness__cooking-in-the-kitchen.wav,y
00:03,water-flowing/360374__harveyjnz__tap-pouring-water.wav,y
00:00,water-flowing/361801__toiletrolltube__161004-0062-running-water.wav,y
00:00,water-flowing/379507__redafs__open-the-water-faucet.wav,y
00:00,water-flowing/386749__ken788__tap-running.wav,y
00:02,water-flowing/395392__papercutterjohn__water-down-plug-hole.wav,y
00:01,water-flowing/419112__seenms__tap-water-in-bathroom.wav,y
00:13,water-flowing/419112__seenms__tap-water-in-bathroom.wav,y
00:00,water-flowing/419999__14douderova-adela__01tap-water.wav,y
00:00,water-flowing/419999__14douderova-adela__01tap-water.wav,y
00:00,water-flowing/433994__snake16547__kitchen-cleaning-espresso-machine-cleaning.wav,y
03:42,water-flowing/433994__snake16547__kitchen-cleaning-espresso-machine-cleaning.wav,n
00:00,water-flowing/458401__breviceps__faucet-sink-drain-gurgling.wav,y
00:56,water-flowing/50757__rutgermuller__sink-and-tap.wav,y
03:00,water-flowing/69597__geissler__cooking.wav,y
03:03,water-flowing/85109__cmusounddesign__jk-household-sequence.wav,n
03:30,water-flowing/85109__cmusounddesign__jk-household-sequence.wav,y
05:40,water-flowing/85109__cmusounddesign__jk-household-sequence.wav,n
00:00,cupboard/84920__amszala__cupboard.aiff,y
00:00,cupboard/175373__thecityrings__cupboard-door-3.wav,y
00:00,cupboard/244874__jarredgibb__cupboard-door.wav,y
00:13,cupboard/244874__jarredgibb__cupboard-door.wav,y
00:26,cupboard/244874__jarredgibb__cupboard-door.wav,y
00:00,cupboard/402143__mickael-leroi__opening-closing-cupboard-1.wav,y
00:00,cupboard/402142__mickael-leroi__opening-closing-cupboard-2.wav,y
00:27,peel/plucher un lgume.wav,y
00:33,peel/plucher un lgume.wav,y
02:04,peel/plucher un lgume.wav,y
05:15,peel/ASMR - PeelingChopping VegetablesFruit (No Talking).wav,y
05:25,peel/ASMR - PeelingChopping VegetablesFruit (No Talking).wav,y
05:33,peel/ASMR - PeelingChopping VegetablesFruit (No Talking).wav,y
07:01,peel/ASMR - PeelingChopping VegetablesFruit (No Talking).wav,y
07:01,peel/ASMR - PeelingChopping VegetablesFruit (No Talking).wav,y
02:01,juicer/Black  Decker 32 Ounce Electric Citrus Juicer Unboxing Review Testing.wav,y
02:10,juicer/Black  Decker 32 Ounce Electric Citrus Juicer Unboxing Review Testing.wav,y
02:20,juicer/Black  Decker 32 Ounce Electric Citrus Juicer Unboxing Review Testing.wav,y
03:10,juicer/Black  Decker 32 Ounce Electric Citrus Juicer Unboxing Review Testing.wav,un peu de parole au debut
04:00,juicer/Black  Decker 32 Ounce Electric Citrus Juicer Unboxing Review Testing.wav,y
05:05,juicer/Black  Decker 32 Ounce Electric Citrus Juicer Unboxing Review Testing.wav,y
01:49,juicer/Philips HR273801 Citrus Press Juicer Review.wav,y
02:55,juicer/Black  Decker CJ625 Citrus Juicer Demonstration.wav,y
03:42,juicer/Black  Decker CJ625 Citrus Juicer Demonstration.wav,y
04:20,juicer/Black  Decker CJ625 Citrus Juicer Demonstration.wav,y
02:35,juicer/BLACK+DECKER CJ625 30-Watt 34-Ounce Citrus Juicer Review.wav,y
02:48,juicer/BLACK+DECKER CJ625 30-Watt 34-Ounce Citrus Juicer Review.wav,y
02:54,juicer/BLACK+DECKER CJ625 30-Watt 34-Ounce Citrus Juicer Review.wav,y
03:17,juicer/BLACK+DECKER CJ625 30-Watt 34-Ounce Citrus Juicer Review.wav,y
03:52,juicer/BLACK+DECKER CJ625 30-Watt 34-Ounce Citrus Juicer Review.wav,y
05:04,juicer/BLACK+DECKER CJ625 30-Watt 34-Ounce Citrus Juicer Review.wav,y
06:02,juicer/BLACK+DECKER CJ625 30-Watt 34-Ounce Citrus Juicer Review.wav,y
